{
  "hidden_dims": [
    64
  ],
  "prior_std": 0.6614455125157715,
  "dropout_rate": 0.4101552260552236,
  "substrate_embedding_type": "mordred",
  "learning_rate": 9.251165112409646e-05,
  "kl_anneal_epochs": 71,
  "clip_grad_norm": 1.1766724237973132,
  "loss_type": "mse",
  "null_reg_weight": 0.05,
  "log_var_floor": -4,
  "use_lds": false,
  "x_substrate_scaler": "none",
  "saprot_zs_scaler": "standard",
  "esm_wt_scaler": "none",
  "esm_mut_scaler": "standard",
  "n_epochs": 36,
  "best_beta": 0.5,
  "best_reference_mode": "distance_weighted",
  "objective_metric": "per_position_top3_recovery_mean",
  "acq_sigma": "within_epi",
  "objective_value": 0.6111111111111112,
  "raw_objective": 0.6111111111111112,
  "null_objective": 0.5944444444444444,
  "delta": 0.01666666666666672,
  "scope": "all-substrates",
  "reference_modes_evaluated": [
    "formaldehyde",
    "nearest",
    "avg_all",
    "distance_weighted"
  ],
  "trial_number": 58,
  "per_beta_objective": {
    "0.0": 0.6055555555555555,
    "0.5": 0.6111111111111112,
    "1.0": 0.6111111111111112,
    "1.5": 0.6111111111111112,
    "2.0": 0.6055555555555555
  },
  "per_mode_results": {
    "formaldehyde": {
      "status": "ok",
      "best_bnn": 0.4999999999999999,
      "best_beta": 0.0,
      "per_beta": {
        "0.0": 0.4999999999999999,
        "0.5": 0.4999999999999999,
        "1.0": 0.4999999999999999,
        "1.5": 0.4999999999999999,
        "2.0": 0.4999999999999999
      },
      "null": 0.4999999999999999,
      "n_rows": 990
    },
    "nearest": {
      "status": "ok",
      "best_bnn": 0.5444444444444443,
      "best_beta": 0.0,
      "per_beta": {
        "0.0": 0.5444444444444443,
        "0.5": 0.5444444444444443,
        "1.0": 0.5444444444444443,
        "1.5": 0.5444444444444443,
        "2.0": 0.5444444444444443
      },
      "null": 0.6499999999999999,
      "n_rows": 1198
    },
    "avg_all": {
      "status": "ok",
      "best_bnn": 0.6,
      "best_beta": 0.0,
      "per_beta": {
        "0.0": 0.6,
        "0.5": 0.6,
        "1.0": 0.6,
        "1.5": 0.6,
        "2.0": 0.5944444444444444
      },
      "null": 0.6,
      "n_rows": 1198
    },
    "distance_weighted": {
      "status": "ok",
      "best_bnn": 0.6111111111111112,
      "best_beta": 0.5,
      "per_beta": {
        "0.0": 0.6055555555555555,
        "0.5": 0.6111111111111112,
        "1.0": 0.6111111111111112,
        "1.5": 0.6111111111111112,
        "2.0": 0.6055555555555555
      },
      "null": 0.5944444444444444,
      "n_rows": 1198
    }
  }
}