{
  "hidden_dims": [
    64
  ],
  "prior_std": 0.051083407470922874,
  "dropout_rate": 0.20825714282810592,
  "substrate_embedding_type": "mordred",
  "learning_rate": 0.0021128094487352727,
  "kl_anneal_epochs": 25,
  "clip_grad_norm": 0.7189828033925729,
  "loss_type": "gaussian_nll",
  "null_reg_weight": 0.01,
  "log_var_floor": -2,
  "use_lds": false,
  "x_substrate_scaler": "none",
  "saprot_zs_scaler": "standard",
  "esm_wt_scaler": "standard",
  "esm_mut_scaler": "standard",
  "n_epochs": 19,
  "best_beta": 0.0,
  "best_reference_mode": "avg_all",
  "objective_metric": "per_position_ndcg_mean",
  "acq_sigma": "within_epi",
  "objective_value": 0.9689747314884899,
  "raw_objective": 0.9689747314884899,
  "null_objective": 0.9659171707845774,
  "delta": 0.0030575607039124986,
  "scope": "all-substrates",
  "reference_modes_evaluated": [
    "formaldehyde",
    "nearest",
    "avg_all",
    "distance_weighted"
  ],
  "trial_number": 33,
  "per_beta_objective": {
    "0.0": 0.9689747314884899,
    "0.5": 0.9666253261285703,
    "1.0": 0.9665071930417651,
    "1.5": 0.9621999957301841,
    "2.0": 0.9608779787984663
  },
  "per_mode_results": {
    "formaldehyde": {
      "status": "ok",
      "best_bnn": 0.9218564243426144,
      "best_beta": 0.0,
      "per_beta": {
        "0.0": 0.9218564243426144,
        "0.5": 0.9218211026273382,
        "1.0": 0.8970403543179017,
        "1.5": 0.8769185360354035,
        "2.0": 0.8766279587870613
      },
      "null": 0.9217857637776643,
      "n_rows": 990
    },
    "nearest": {
      "status": "ok",
      "best_bnn": 0.7880837826500845,
      "best_beta": 0.0,
      "per_beta": {
        "0.0": 0.7880837826500845,
        "0.5": 0.7880837826500845,
        "1.0": 0.7880837826500845,
        "1.5": 0.7880837826500845,
        "2.0": 0.7880837826500845
      },
      "null": 0.7990898563105256,
      "n_rows": 1198
    },
    "avg_all": {
      "status": "ok",
      "best_bnn": 0.9689747314884899,
      "best_beta": 0.0,
      "per_beta": {
        "0.0": 0.9689747314884899,
        "0.5": 0.9666253261285703,
        "1.0": 0.9665071930417651,
        "1.5": 0.9621999957301841,
        "2.0": 0.9608779787984663
      },
      "null": 0.9659171707845774,
      "n_rows": 1198
    },
    "distance_weighted": {
      "status": "ok",
      "best_bnn": 0.968578756928726,
      "best_beta": 0.0,
      "per_beta": {
        "0.0": 0.968578756928726,
        "0.5": 0.9658208925319762,
        "1.0": 0.9658090242947956,
        "1.5": 0.961711740205457,
        "2.0": 0.9608376564533092
      },
      "null": 0.9659725491825717,
      "n_rows": 1198
    }
  }
}