{
  "hidden_dims": [
    64
  ],
  "prior_std": 0.41230662298942633,
  "dropout_rate": 0.09177585710490999,
  "substrate_embedding_type": "mordred",
  "learning_rate": 0.0009378182832936325,
  "kl_anneal_epochs": 10,
  "clip_grad_norm": 1.1562417392271946,
  "loss_type": "gaussian_nll",
  "null_reg_weight": 0.05,
  "log_var_floor": -6,
  "use_lds": true,
  "x_substrate_scaler": "standard",
  "saprot_zs_scaler": "standard",
  "esm_wt_scaler": "robust",
  "esm_mut_scaler": "robust",
  "n_epochs": 500,
  "best_beta": 0.5,
  "best_reference_mode": "distance_weighted",
  "objective_metric": "spearman_rho",
  "acq_sigma": "within_epi",
  "objective_value": 0.7190360906986039,
  "raw_objective": 0.7190360906986039,
  "null_objective": 0.7198627979264548,
  "delta": -0.0008267072278509424,
  "scope": "all-substrates",
  "reference_modes_evaluated": [
    "formaldehyde",
    "nearest",
    "avg_all",
    "distance_weighted"
  ],
  "trial_number": 95,
  "per_beta_objective": {
    "0.0": 0.7190085079774785,
    "0.5": 0.7190360906986039,
    "1.0": 0.7190222993380412,
    "1.5": 0.7189890558480453,
    "2.0": 0.7189673837100182
  },
  "per_mode_results": {
    "formaldehyde": {
      "status": "ok",
      "best_bnn": 0.6261847911292298,
      "best_beta": 0.0,
      "per_beta": {
        "0.0": 0.6261847911292298,
        "0.5": 0.6259353729655693,
        "1.0": 0.6260074487949898,
        "1.5": 0.6257056414280033,
        "2.0": 0.6256581332063538
      },
      "null": 0.6268784620088229,
      "n_rows": 990
    },
    "nearest": {
      "status": "ok",
      "best_bnn": 0.6899621404780284,
      "best_beta": 0.0,
      "per_beta": {
        "0.0": 0.6899621404780284,
        "0.5": 0.6899621404780284,
        "1.0": 0.6899621404780284,
        "1.5": 0.6899621404780284,
        "2.0": 0.6899621404780284
      },
      "null": 0.8213062697459093,
      "n_rows": 1198
    },
    "avg_all": {
      "status": "ok",
      "best_bnn": 0.7187804938898924,
      "best_beta": 1.0,
      "per_beta": {
        "0.0": 0.7187685563678666,
        "0.5": 0.7187783923492354,
        "1.0": 0.7187804938898924,
        "1.5": 0.7187541613149406,
        "2.0": 0.7187373756947529
      },
      "null": 0.7195696213082767,
      "n_rows": 1198
    },
    "distance_weighted": {
      "status": "ok",
      "best_bnn": 0.7190360906986039,
      "best_beta": 0.5,
      "per_beta": {
        "0.0": 0.7190085079774785,
        "0.5": 0.7190360906986039,
        "1.0": 0.7190222993380412,
        "1.5": 0.7189890558480453,
        "2.0": 0.7189673837100182
      },
      "null": 0.7198627979264548,
      "n_rows": 1198
    }
  }
}