{
  "hidden_dims": [
    64
  ],
  "prior_std": 0.27354798400561964,
  "dropout_rate": 0.0004090789031056252,
  "activation": "silu",
  "x_aa_freeze": "full",
  "substrate_embedding_type": "mordred",
  "learning_rate": 0.0015194132813620902,
  "kl_weight": 1.0,
  "batch_size": 32,
  "kl_anneal_epochs": 31,
  "n_epochs": 21,
  "early_stopping_patience": 50,
  "n_inference_samples": 20,
  "clip_grad_norm": 13.033946954027677,
  "lds": {
    "use_lds": false,
    "n_bins": 50,
    "kernel_size": 5,
    "sigma": 2.0
  },
  "x_substrate_scaler": "none",
  "x_substrate_pca": null,
  "saprot_zs_scaler": "standard",
  "esm_wt_scaler": "robust",
  "esm_wt_pca": 0.99,
  "esm_mut_scaler": "standard",
  "esm_mut_pca": 0.99,
  "loss_type": "gaussian_nll",
  "null_reg_weight": 0.01,
  "log_var_floor": -2,
  "prediction_floor": -2.0,
  "hurdle": {
    "floor_threshold": -1.99,
    "floor_value": -2.0,
    "inference_threshold": 0.5
  },
  "distance_weight_temperature": 1.0,
  "n_singleshot_repeats": 10,
  "best_beta": 1.5,
  "best_reference_mode": "avg_all",
  "objective_metric": "per_position_top3_recovery_mean",
  "null_objective": 0.6,
  "delta": 0.011111111111111072,
  "scope": "all-substrates",
  "reference_modes_evaluated": [
    "formaldehyde",
    "nearest",
    "avg_all",
    "distance_weighted"
  ],
  "per_beta_objective": {
    "0.0": 0.5944444444444444,
    "0.5": 0.6055555555555555,
    "1.0": 0.6,
    "1.5": 0.611111111111111,
    "2.0": 0.611111111111111
  },
  "per_mode_results": {
    "formaldehyde": {
      "status": "ok",
      "best_bnn": 0.4933333333333333,
      "best_beta": 0.0,
      "per_beta": {
        "0.0": 0.4933333333333333,
        "0.5": 0.4933333333333333,
        "1.0": 0.4933333333333333,
        "1.5": 0.48666666666666664,
        "2.0": 0.48666666666666664
      },
      "null": 0.4999999999999999,
      "n_rows": 990
    },
    "nearest": {
      "status": "ok",
      "best_bnn": 0.5277777777777777,
      "best_beta": 0.0,
      "per_beta": {
        "0.0": 0.5277777777777777,
        "0.5": 0.5277777777777777,
        "1.0": 0.5277777777777777,
        "1.5": 0.5277777777777777,
        "2.0": 0.5277777777777777
      },
      "null": 0.6499999999999999,
      "n_rows": 1198
    },
    "avg_all": {
      "status": "ok",
      "best_bnn": 0.611111111111111,
      "best_beta": 1.5,
      "per_beta": {
        "0.0": 0.5944444444444444,
        "0.5": 0.6055555555555555,
        "1.0": 0.6,
        "1.5": 0.611111111111111,
        "2.0": 0.611111111111111
      },
      "null": 0.6,
      "n_rows": 1198
    },
    "distance_weighted": {
      "status": "ok",
      "best_bnn": 0.611111111111111,
      "best_beta": 1.5,
      "per_beta": {
        "0.0": 0.5944444444444444,
        "0.5": 0.6,
        "1.0": 0.6,
        "1.5": 0.611111111111111,
        "2.0": 0.6055555555555555
      },
      "null": 0.5944444444444444,
      "n_rows": 1198
    }
  }
}