{
  "hidden_dims": [
    64
  ],
  "prior_std": 0.5066708389544443,
  "dropout_rate": 0.4774498391625538,
  "activation": "silu",
  "x_aa_freeze": "full",
  "substrate_embedding_type": "morgan",
  "learning_rate": 5.739048639483897e-05,
  "kl_weight": 1.0,
  "batch_size": 32,
  "kl_anneal_epochs": 45,
  "n_epochs": 131,
  "early_stopping_patience": 50,
  "n_inference_samples": 20,
  "clip_grad_norm": 9.464910985274496,
  "lds": {
    "use_lds": true,
    "n_bins": 50,
    "kernel_size": 5,
    "sigma": 2.0
  },
  "x_substrate_scaler": "none",
  "x_substrate_pca": null,
  "saprot_zs_scaler": "none",
  "esm_wt_scaler": "robust",
  "esm_wt_pca": 0.99,
  "esm_mut_scaler": "robust",
  "esm_mut_pca": 0.99,
  "loss_type": "mse",
  "null_reg_weight": 0.1,
  "log_var_floor": -4,
  "prediction_floor": -2.0,
  "hurdle": {
    "floor_threshold": -1.99,
    "floor_value": -2.0,
    "inference_threshold": 0.5
  },
  "distance_weight_temperature": 1.0,
  "n_singleshot_repeats": 10,
  "best_beta": 0.0,
  "best_reference_mode": "avg_all",
  "objective_metric": "ndcg",
  "acq_sigma": "within_epi",
  "null_objective": 0.9427119798414071,
  "delta": 0.01964180832555562,
  "scope": "all-substrates",
  "reference_modes_evaluated": [
    "formaldehyde",
    "nearest",
    "avg_all",
    "distance_weighted"
  ],
  "per_beta_objective": {
    "0.0": 0.9623537881669627,
    "0.5": 0.9613102019408714,
    "1.0": 0.9612770915486952,
    "1.5": 0.9611750146416057,
    "2.0": 0.9549346324030918
  },
  "per_mode_results": {
    "formaldehyde": {
      "status": "ok",
      "best_bnn": 0.8685010180463977,
      "best_beta": 1.5,
      "per_beta": {
        "0.0": 0.85678183851379,
        "0.5": 0.8626699408338568,
        "1.0": 0.8646073498382212,
        "1.5": 0.8685010180463977,
        "2.0": 0.8661936511939736
      },
      "null": 0.9059871880312036,
      "n_rows": 990
    },
    "nearest": {
      "status": "ok",
      "best_bnn": 0.8672205495344057,
      "best_beta": 0.5,
      "per_beta": {
        "0.0": 0.8628528712400118,
        "0.5": 0.8672205495344057,
        "1.0": 0.8651578185709591,
        "1.5": 0.8660716137637374,
        "2.0": 0.8654742826680947
      },
      "null": 0.8063717547222073,
      "n_rows": 1198
    },
    "avg_all": {
      "status": "ok",
      "best_bnn": 0.9623537881669627,
      "best_beta": 0.0,
      "per_beta": {
        "0.0": 0.9623537881669627,
        "0.5": 0.9613102019408714,
        "1.0": 0.9612770915486952,
        "1.5": 0.9611750146416057,
        "2.0": 0.9549346324030918
      },
      "null": 0.9427119798414071,
      "n_rows": 1198
    },
    "distance_weighted": {
      "status": "ok",
      "best_bnn": 0.9622225019394701,
      "best_beta": 1.0,
      "per_beta": {
        "0.0": 0.9604733902417611,
        "0.5": 0.961834969441266,
        "1.0": 0.9622225019394701,
        "1.5": 0.9545833059528089,
        "2.0": 0.9536297664178827
      },
      "null": 0.9425646397228137,
      "n_rows": 1198
    }
  }
}