{
  "hidden_dims": [
    256,
    128,
    64
  ],
  "prior_std": 1.1215966615107023,
  "dropout_rate": 0.3972065430181673,
  "substrate_embedding_type": "molformer",
  "learning_rate": 1.8980472209395424e-05,
  "kl_anneal_epochs": 22,
  "clip_grad_norm": 19.991933448819854,
  "loss_type": "gaussian_nll",
  "null_reg_weight": 0.01,
  "log_var_floor": -6,
  "use_lds": false,
  "x_substrate_scaler": "standard",
  "saprot_zs_scaler": "none",
  "esm_wt_scaler": "robust",
  "esm_mut_scaler": "none",
  "n_epochs": 3,
  "best_beta": 1.5,
  "best_reference_mode": "formaldehyde",
  "objective_metric": "top3_recovery",
  "acq_sigma": "within_epi_ale",
  "objective_value": 0.8666666666666666,
  "raw_objective": 0.8666666666666666,
  "null_objective": 0.5333333333333333,
  "delta": 0.33333333333333326,
  "scope": "all-substrates",
  "reference_modes_evaluated": [
    "formaldehyde",
    "nearest",
    "avg_all",
    "distance_weighted"
  ],
  "trial_number": 53,
  "per_beta_objective": {
    "0.0": 0.7333333333333333,
    "0.5": 0.7333333333333333,
    "1.0": 0.7999999999999999,
    "1.5": 0.8666666666666666,
    "2.0": 0.7999999999999999
  },
  "per_mode_results": {
    "formaldehyde": {
      "status": "ok",
      "best_bnn": 0.8666666666666666,
      "best_beta": 1.5,
      "per_beta": {
        "0.0": 0.7333333333333333,
        "0.5": 0.7333333333333333,
        "1.0": 0.7999999999999999,
        "1.5": 0.8666666666666666,
        "2.0": 0.7999999999999999
      },
      "null": 0.5333333333333333,
      "n_rows": 990
    },
    "nearest": {
      "status": "ok",
      "best_bnn": 0.16666666666666666,
      "best_beta": 0.0,
      "per_beta": {
        "0.0": 0.16666666666666666,
        "0.5": 0.16666666666666666,
        "1.0": 0.16666666666666666,
        "1.5": 0.16666666666666666,
        "2.0": 0.1111111111111111
      },
      "null": 0.38888888888888884,
      "n_rows": 1198
    },
    "avg_all": {
      "status": "ok",
      "best_bnn": 0.611111111111111,
      "best_beta": 0.0,
      "per_beta": {
        "0.0": 0.611111111111111,
        "0.5": 0.611111111111111,
        "1.0": 0.611111111111111,
        "1.5": 0.611111111111111,
        "2.0": 0.611111111111111
      },
      "null": 0.7777777777777777,
      "n_rows": 1198
    },
    "distance_weighted": {
      "status": "ok",
      "best_bnn": 0.6666666666666666,
      "best_beta": 1.5,
      "per_beta": {
        "0.0": 0.611111111111111,
        "0.5": 0.611111111111111,
        "1.0": 0.611111111111111,
        "1.5": 0.6666666666666666,
        "2.0": 0.611111111111111
      },
      "null": 0.7777777777777777,
      "n_rows": 1198
    }
  }
}