{
  "hidden_dims": [
    256,
    128,
    64
  ],
  "prior_std": 0.1162835793347082,
  "dropout_rate": 0.038489954914396496,
  "substrate_embedding_type": "mordred",
  "learning_rate": 0.000794714742465374,
  "kl_anneal_epochs": 88,
  "clip_grad_norm": 9.693952444600999,
  "loss_type": "mse",
  "null_reg_weight": 0.01,
  "log_var_floor": -2,
  "use_lds": false,
  "x_substrate_scaler": "none",
  "saprot_zs_scaler": "standard",
  "esm_wt_scaler": "none",
  "esm_mut_scaler": "robust",
  "n_epochs": 2,
  "best_beta": 0.0,
  "best_reference_mode": "avg_all",
  "objective_metric": "top3_recovery",
  "acq_sigma": "within_epi",
  "objective_value": 0.8333333333333334,
  "raw_objective": 0.8333333333333334,
  "null_objective": 0.7777777777777777,
  "delta": 0.05555555555555569,
  "scope": "all-substrates",
  "reference_modes_evaluated": [
    "formaldehyde",
    "nearest",
    "avg_all",
    "distance_weighted"
  ],
  "trial_number": 3,
  "per_beta_objective": {
    "0.0": 0.8333333333333334,
    "0.5": 0.8333333333333334,
    "1.0": 0.8333333333333334,
    "1.5": 0.8333333333333334,
    "2.0": 0.8333333333333334
  },
  "per_mode_results": {
    "formaldehyde": {
      "status": "ok",
      "best_bnn": 0.5333333333333334,
      "best_beta": 0.5,
      "per_beta": {
        "0.0": 0.4666666666666666,
        "0.5": 0.5333333333333334,
        "1.0": 0.4666666666666667,
        "1.5": 0.4666666666666667,
        "2.0": 0.39999999999999997
      },
      "null": 0.5333333333333333,
      "n_rows": 990
    },
    "nearest": {
      "status": "ok",
      "best_bnn": 0.27777777777777773,
      "best_beta": 0.0,
      "per_beta": {
        "0.0": 0.27777777777777773,
        "0.5": 0.27777777777777773,
        "1.0": 0.27777777777777773,
        "1.5": 0.27777777777777773,
        "2.0": 0.27777777777777773
      },
      "null": 0.38888888888888884,
      "n_rows": 1198
    },
    "avg_all": {
      "status": "ok",
      "best_bnn": 0.8333333333333334,
      "best_beta": 0.0,
      "per_beta": {
        "0.0": 0.8333333333333334,
        "0.5": 0.8333333333333334,
        "1.0": 0.8333333333333334,
        "1.5": 0.8333333333333334,
        "2.0": 0.8333333333333334
      },
      "null": 0.7777777777777777,
      "n_rows": 1198
    },
    "distance_weighted": {
      "status": "ok",
      "best_bnn": 0.8333333333333334,
      "best_beta": 0.0,
      "per_beta": {
        "0.0": 0.8333333333333334,
        "0.5": 0.8333333333333334,
        "1.0": 0.8333333333333334,
        "1.5": 0.8333333333333334,
        "2.0": 0.8333333333333334
      },
      "null": 0.7777777777777777,
      "n_rows": 1198
    }
  }
}