{
  "hidden_dims": [
    256,
    128,
    64
  ],
  "prior_std": 0.1162835793347082,
  "dropout_rate": 0.038489954914396496,
  "activation": "silu",
  "x_aa_freeze": "full",
  "substrate_embedding_type": "mordred",
  "learning_rate": 0.000794714742465374,
  "kl_weight": 1.0,
  "batch_size": 32,
  "kl_anneal_epochs": 88,
  "n_epochs": 2,
  "early_stopping_patience": 50,
  "n_inference_samples": 20,
  "clip_grad_norm": 9.693952444600999,
  "lds": {
    "use_lds": false,
    "n_bins": 50,
    "kernel_size": 5,
    "sigma": 2.0
  },
  "x_substrate_scaler": "none",
  "x_substrate_pca": null,
  "saprot_zs_scaler": "standard",
  "esm_wt_scaler": "none",
  "esm_wt_pca": 0.99,
  "esm_mut_scaler": "robust",
  "esm_mut_pca": 0.99,
  "loss_type": "mse",
  "null_reg_weight": 0.01,
  "log_var_floor": -2,
  "prediction_floor": -2.0,
  "hurdle": {
    "floor_threshold": -1.99,
    "floor_value": -2.0,
    "inference_threshold": 0.5
  },
  "distance_weight_temperature": 1.0,
  "n_singleshot_repeats": 10,
  "best_beta": 0.0,
  "best_reference_mode": "avg_all",
  "objective_metric": "top3_recovery",
  "acq_sigma": "within_epi",
  "null_objective": 0.7777777777777777,
  "delta": 0.05555555555555569,
  "scope": "all-substrates",
  "reference_modes_evaluated": [
    "formaldehyde",
    "nearest",
    "avg_all",
    "distance_weighted"
  ],
  "per_beta_objective": {
    "0.0": 0.8333333333333334,
    "0.5": 0.8333333333333334,
    "1.0": 0.8333333333333334,
    "1.5": 0.8333333333333334,
    "2.0": 0.8333333333333334
  },
  "per_mode_results": {
    "formaldehyde": {
      "status": "ok",
      "best_bnn": 0.5333333333333334,
      "best_beta": 0.5,
      "per_beta": {
        "0.0": 0.4666666666666666,
        "0.5": 0.5333333333333334,
        "1.0": 0.4666666666666667,
        "1.5": 0.4666666666666667,
        "2.0": 0.39999999999999997
      },
      "null": 0.5333333333333333,
      "n_rows": 990
    },
    "nearest": {
      "status": "ok",
      "best_bnn": 0.27777777777777773,
      "best_beta": 0.0,
      "per_beta": {
        "0.0": 0.27777777777777773,
        "0.5": 0.27777777777777773,
        "1.0": 0.27777777777777773,
        "1.5": 0.27777777777777773,
        "2.0": 0.27777777777777773
      },
      "null": 0.38888888888888884,
      "n_rows": 1198
    },
    "avg_all": {
      "status": "ok",
      "best_bnn": 0.8333333333333334,
      "best_beta": 0.0,
      "per_beta": {
        "0.0": 0.8333333333333334,
        "0.5": 0.8333333333333334,
        "1.0": 0.8333333333333334,
        "1.5": 0.8333333333333334,
        "2.0": 0.8333333333333334
      },
      "null": 0.7777777777777777,
      "n_rows": 1198
    },
    "distance_weighted": {
      "status": "ok",
      "best_bnn": 0.8333333333333334,
      "best_beta": 0.0,
      "per_beta": {
        "0.0": 0.8333333333333334,
        "0.5": 0.8333333333333334,
        "1.0": 0.8333333333333334,
        "1.5": 0.8333333333333334,
        "2.0": 0.8333333333333334
      },
      "null": 0.7777777777777777,
      "n_rows": 1198
    }
  }
}