{
  "hidden_dims": [
    64
  ],
  "prior_std": 0.051083407470922874,
  "dropout_rate": 0.20825714282810592,
  "activation": "silu",
  "x_aa_freeze": "full",
  "substrate_embedding_type": "mordred",
  "learning_rate": 0.0021128094487352727,
  "kl_weight": 1.0,
  "batch_size": 32,
  "kl_anneal_epochs": 25,
  "n_epochs": 19,
  "early_stopping_patience": 50,
  "n_inference_samples": 20,
  "clip_grad_norm": 0.7189828033925729,
  "lds": {
    "use_lds": false,
    "n_bins": 50,
    "kernel_size": 5,
    "sigma": 2.0
  },
  "x_substrate_scaler": "none",
  "x_substrate_pca": null,
  "saprot_zs_scaler": "standard",
  "esm_wt_scaler": "standard",
  "esm_wt_pca": 0.99,
  "esm_mut_scaler": "standard",
  "esm_mut_pca": 0.99,
  "loss_type": "gaussian_nll",
  "null_reg_weight": 0.01,
  "log_var_floor": -2,
  "prediction_floor": -2.0,
  "hurdle": {
    "floor_threshold": -1.99,
    "floor_value": -2.0,
    "inference_threshold": 0.5
  },
  "distance_weight_temperature": 1.0,
  "n_singleshot_repeats": 10,
  "best_beta": 0.0,
  "best_reference_mode": "avg_all",
  "objective_metric": "per_position_ndcg_mean",
  "acq_sigma": "within_epi",
  "null_objective": 0.9659171707845774,
  "delta": 0.0030575607039124986,
  "scope": "all-substrates",
  "reference_modes_evaluated": [
    "formaldehyde",
    "nearest",
    "avg_all",
    "distance_weighted"
  ],
  "per_beta_objective": {
    "0.0": 0.9689747314884899,
    "0.5": 0.9666253261285703,
    "1.0": 0.9665071930417651,
    "1.5": 0.9621999957301841,
    "2.0": 0.9608779787984663
  },
  "per_mode_results": {
    "formaldehyde": {
      "status": "ok",
      "best_bnn": 0.9218564243426144,
      "best_beta": 0.0,
      "per_beta": {
        "0.0": 0.9218564243426144,
        "0.5": 0.9218211026273382,
        "1.0": 0.8970403543179017,
        "1.5": 0.8769185360354035,
        "2.0": 0.8766279587870613
      },
      "null": 0.9217857637776643,
      "n_rows": 990
    },
    "nearest": {
      "status": "ok",
      "best_bnn": 0.7880837826500845,
      "best_beta": 0.0,
      "per_beta": {
        "0.0": 0.7880837826500845,
        "0.5": 0.7880837826500845,
        "1.0": 0.7880837826500845,
        "1.5": 0.7880837826500845,
        "2.0": 0.7880837826500845
      },
      "null": 0.7990898563105256,
      "n_rows": 1198
    },
    "avg_all": {
      "status": "ok",
      "best_bnn": 0.9689747314884899,
      "best_beta": 0.0,
      "per_beta": {
        "0.0": 0.9689747314884899,
        "0.5": 0.9666253261285703,
        "1.0": 0.9665071930417651,
        "1.5": 0.9621999957301841,
        "2.0": 0.9608779787984663
      },
      "null": 0.9659171707845774,
      "n_rows": 1198
    },
    "distance_weighted": {
      "status": "ok",
      "best_bnn": 0.968578756928726,
      "best_beta": 0.0,
      "per_beta": {
        "0.0": 0.968578756928726,
        "0.5": 0.9658208925319762,
        "1.0": 0.9658090242947956,
        "1.5": 0.961711740205457,
        "2.0": 0.9608376564533092
      },
      "null": 0.9659725491825717,
      "n_rows": 1198
    }
  }
}