{
  "hidden_dims": [
    128,
    64
  ],
  "prior_std": 0.4176958768145341,
  "dropout_rate": 0.28915966639757396,
  "activation": "silu",
  "x_aa_freeze": "full",
  "substrate_embedding_type": "molformer",
  "learning_rate": 0.00019943972037971659,
  "kl_weight": 1.0,
  "batch_size": 32,
  "kl_anneal_epochs": 46,
  "n_epochs": 4,
  "early_stopping_patience": 50,
  "n_inference_samples": 20,
  "clip_grad_norm": 3.5618912137814,
  "lds": {
    "use_lds": true,
    "n_bins": 50,
    "kernel_size": 5,
    "sigma": 2.0
  },
  "x_substrate_scaler": "standard",
  "x_substrate_pca": null,
  "saprot_zs_scaler": "none",
  "esm_wt_scaler": "none",
  "esm_wt_pca": 0.99,
  "esm_mut_scaler": "none",
  "esm_mut_pca": 0.99,
  "loss_type": "gaussian_nll",
  "null_reg_weight": 0.0,
  "log_var_floor": -6,
  "prediction_floor": -2.0,
  "hurdle": {
    "floor_threshold": -1.99,
    "floor_value": -2.0,
    "inference_threshold": 0.5
  },
  "distance_weight_temperature": 1.0,
  "n_singleshot_repeats": 10,
  "best_beta": 0.5,
  "best_reference_mode": "distance_weighted",
  "objective_metric": "per_position_ndcg_mean",
  "acq_sigma": "within_epi_ale",
  "null_objective": 0.9659725491825717,
  "delta": 0.003067291083374446,
  "scope": "all-substrates",
  "reference_modes_evaluated": [
    "formaldehyde",
    "nearest",
    "avg_all",
    "distance_weighted"
  ],
  "per_beta_objective": {
    "0.0": 0.9481800045197984,
    "0.5": 0.9690398402659461,
    "1.0": 0.9674535228643167,
    "1.5": 0.9441835366451992,
    "2.0": 0.9429597775196686
  },
  "per_mode_results": {
    "formaldehyde": {
      "status": "ok",
      "best_bnn": 0.8433161517071639,
      "best_beta": 1.5,
      "per_beta": {
        "0.0": 0.8346365971865494,
        "0.5": 0.8357459418689703,
        "1.0": 0.839774342164419,
        "1.5": 0.8433161517071639,
        "2.0": 0.8401973941532429
      },
      "null": 0.9217857637776643,
      "n_rows": 990
    },
    "nearest": {
      "status": "ok",
      "best_bnn": 0.8573766895227529,
      "best_beta": 0.5,
      "per_beta": {
        "0.0": 0.8573511398521236,
        "0.5": 0.8573766895227529,
        "1.0": 0.851718942513707,
        "1.5": 0.8559278525059894,
        "2.0": 0.8523199504419664
      },
      "null": 0.7990898563105256,
      "n_rows": 1198
    },
    "avg_all": {
      "status": "ok",
      "best_bnn": 0.9450521224367198,
      "best_beta": 0.5,
      "per_beta": {
        "0.0": 0.9410288085987127,
        "0.5": 0.9450521224367198,
        "1.0": 0.9448412612019371,
        "1.5": 0.9348625310493248,
        "2.0": 0.9346812547885689
      },
      "null": 0.9659171707845774,
      "n_rows": 1198
    },
    "distance_weighted": {
      "status": "ok",
      "best_bnn": 0.9690398402659461,
      "best_beta": 0.5,
      "per_beta": {
        "0.0": 0.9481800045197984,
        "0.5": 0.9690398402659461,
        "1.0": 0.9674535228643167,
        "1.5": 0.9441835366451992,
        "2.0": 0.9429597775196686
      },
      "null": 0.9659725491825717,
      "n_rows": 1198
    }
  }
}